Title,Distributor,Release Date,US Sales,World Sales,Runtime,Rating
Star Wars: Episode VII - The Force Awakens,Walt Disney Studios Motion Pictures,2015,936662225,2069521700,2 hr 18 min,PG-13
Avengers: Endgame,Walt Disney Studios Motion Pictures,2019,858373000,2797501328,3 hr 1 min,PG-13
Avatar,Twentieth Century Fox,2009,760507625,2847246203,2 hr 42 min,PG-13
Black Panther,Walt Disney Studios Motion Pictures,2018,700426566,1347597973,2 hr 14 min,NA
Avengers: Infinity War,Walt Disney Studios Motion Pictures,2018,678815482,2048359754,2 hr 29 min,NA
Spider-Man: No Way Home,Sony Pictures Entertainment (SPE),2021,675813257,1544455963,2 hr 28 min,NA
Titanic,Paramount Pictures,1997,659363944,2201647264,3 hr 14 min,PG-13
Jurassic World,Universal Pictures,2015,652385625,1670516444,2 hr 4 min,PG-13
The Avengers,Walt Disney Studios Motion Pictures,2012,623357910,1518815515,2 hr 23 min,PG-13
Star Wars: Episode VIII - The Last Jedi,Walt Disney Studios Motion Pictures,2017,620181382,1332698830,2 hr 32 min,PG-13
Incredibles 2,Walt Disney Studios Motion Pictures,2018,608581744,1243089244,1 hr 58 min,NA
The Lion King,Walt Disney Studios Motion Pictures,2019,543638043,1662899439,1 hr 58 min,PG
The Dark Knight,Warner Bros.,2008,534858444,1005973645,2 hr 32 min,PG-13
Rogue One: A Star Wars Story,Walt Disney Studios Motion Pictures,2016,532177324,1056057720,2 hr 13 min,PG-13
Star Wars: Episode IX - The Rise of Skywalker,Walt Disney Studios Motion Pictures,2019,515202542,1074149279,2 hr 21 min,PG-13
Beauty and the Beast,Walt Disney Studios Motion Pictures,2017,504481165,1273576220,2 hr 9 min,PG
Finding Dory,Walt Disney Studios Motion Pictures,2016,486295561,1028570942,1 hr 37 min,NA
Frozen II,Walt Disney Studios Motion Pictures,2019,477373578,1450026933,1 hr 43 min,PG
Star Wars: Episode I - The Phantom Menace,Twentieth Century Fox,1999,474544677,1027082707,2 hr 16 min,PG
Star Wars: Episode IV - A New Hope,Twentieth Century Fox,1977,460998507,775398007,2 hr 1 min,PG
Avengers: Age of Ultron,Walt Disney Studios Motion Pictures,2015,459005868,1402809540,2 hr 21 min,PG-13
The Dark Knight Rises,Warner Bros.,2012,448139099,1081142612,2 hr 44 min,PG-13
Shrek 2,DreamWorks Distribution,2004,441226247,928760770,1 hr 33 min,PG
E.T. the Extra-Terrestrial,Universal Pictures,1982,435110554,792910554,1 hr 55 min,PG
Toy Story 4,Walt Disney Studios Motion Pictures,2019,434038008,1073394593,1 hr 40 min,G
Captain Marvel,Walt Disney Studios Motion Pictures,2019,426829839,1128462972,2 hr 3 min,PG-13
The Hunger Games: Catching Fire,Lionsgate,2013,424668047,865011746,2 hr 26 min,PG-13
Pirates of the Caribbean: Dead Man's Chest,Walt Disney Studios Motion Pictures,2006,423315812,1066179747,2 hr 31 min,PG-13
The Lion King,Walt Disney Studios Motion Pictures,1994,422783777,1063611805,1 hr 28 min,G
Jurassic World: Fallen Kingdom,Universal Pictures,2018,417719760,1310466296,2 hr 8 min,PG-13
Toy Story 3,Walt Disney Studios Motion Pictures,2010,415004880,1066970811,1 hr 43 min,NA
Wonder Woman,Warner Bros.,2017,412815408,822824522,2 hr 21 min,PG-13
Iron Man 3,Walt Disney Studios Motion Pictures,2013,409013994,1214811252,2 hr 10 min,PG-13
Captain America: Civil War,Walt Disney Studios Motion Pictures,2016,408084349,1153337496,2 hr 27 min,PG-13
The Hunger Games,Lionsgate,2012,408010692,694394724,2 hr 22 min,PG-13
Spider-Man,Sony Pictures Entertainment (SPE),2002,407022860,825025036,2 hr 1 min,PG-13
Jumanji: Welcome to the Jungle,Sony Pictures Entertainment (SPE),2017,404540171,962542945,1 hr 59 min,PG-13
Jurassic Park,Universal Pictures,1993,404214720,1033928303,2 hr 7 min,PG-13
Transformers: Revenge of the Fallen,DreamWorks,2009,402111870,836303693,2 hr 29 min,PG-13
Frozen,Walt Disney Studios Motion Pictures,2013,400953009,1281508100,1 hr 42 min,PG
Spider-Man: Far from Home,Sony Pictures Entertainment (SPE),2019,390532085,1131927996,2 hr 9 min,PG-13
Guardians of the Galaxy Vol. 2,Walt Disney Studios Motion Pictures,2017,389813101,863756051,2 hr 16 min,PG-13
Harry Potter and the Deathly Hallows: Part 2,Warner Bros.,2011,381409310,1342321665,2 hr 10 min,NA
Finding Nemo,Walt Disney Studios Motion Pictures,2003,380843261,940352645,1 hr 40 min,NA
Star Wars: Episode III - Revenge of the Sith,Twentieth Century Fox,2005,380270577,868390560,2 hr 20 min,PG-13
The Lord of the Rings: The Return of the King,New Line Cinema,2003,377845905,1146030912,3 hr 21 min,PG-13
Spider-Man 2,Sony Pictures Entertainment (SPE),2004,373585825,788976453,2 hr 7 min,PG-13
The Passion of the Christ,Newmarket Films,2004,370782930,612054506,2 hr 7 min,R
The Secret Life of Pets,Universal Pictures,2016,368384330,875458631,1 hr 27 min,PG
Despicable Me 2,Universal Pictures,2013,368065385,970766005,1 hr 38 min,PG
The Jungle Book,Walt Disney Studios Motion Pictures,2016,364001123,966554929,1 hr 46 min,PG
Deadpool,Twentieth Century Fox,2016,363070709,782836791,1 hr 48 min,R
Inside Out,Walt Disney Studios Motion Pictures,2015,356921711,858848019,1 hr 35 min,PG
Aladdin,Walt Disney Studios Motion Pictures,2019,355559216,1050693953,2 hr 8 min,PG
Furious 7,Universal Pictures,2015,353007020,1515341399,2 hr 17 min,PG-13
Transformers: Dark of the Moon,DreamWorks,2011,352390543,1123794079,2 hr 34 min,PG-13
American Sniper,Warner Bros.,2014,350126372,547426372,2 hr 13 min,R
The Lord of the Rings: The Two Towers,New Line Cinema,2002,342551365,947495095,2 hr 59 min,PG
Zootopia,Walt Disney Studios Motion Pictures,2016,341268248,1024121104,1 hr 48 min,NA
The Hunger Games: Mockingjay - Part 1,Lionsgate,2014,337135885,755356711,2 hr 3 min,PG-13
Spider-Man 3,Sony Pictures Entertainment (SPE),2007,336530303,894983373,2 hr 19 min,PG-13
Minions,Universal Pictures,2015,336045770,1159444662,1 hr 31 min,PG
Joker,Warner Bros.,2019,335451311,1074419384,2 hr 2 min,R
Aquaman,Warner Bros.,2018,335061807,1148485886,2 hr 23 min,NA
Spider-Man: Homecoming,Sony Pictures Entertainment (SPE),2017,334201140,880166924,2 hr 13 min,PG-13
Alice in Wonderland,Walt Disney Studios Motion Pictures,2010,334191110,1025468216,1 hr 48 min,PG
Guardians of the Galaxy,Walt Disney Studios Motion Pictures,2014,333718600,773350147,2 hr 1 min,PG-13
Forrest Gump,Paramount Pictures,1994,330455270,678226133,2 hr 22 min,PG-13
Batman v Superman: Dawn of Justice,Warner Bros.,2016,330360194,873637528,2 hr 32 min,PG-13
It,Warner Bros.,2017,328828874,701796444,2 hr 15 min,R
Suicide Squad,Warner Bros.,2016,325100054,746846894,2 hr 3 min,PG-13
Deadpool 2,Twentieth Century Fox,2018,324591735,785896609,1 hr 59 min,R
Shrek the Third,DreamWorks,2007,322719944,813367380,1 hr 33 min,PG
Jumanji: The Next Level,Sony Pictures Entertainment (SPE),2019,320314960,800059707,2 hr 3 min,PG-13
Transformers,DreamWorks,2007,319246193,709709780,2 hr 24 min,PG-13
Iron Man,Paramount Pictures,2008,319034126,585796247,2 hr 6 min,PG-13
Harry Potter and the Sorcerer's Stone,Warner Bros.,2001,318087620,1016813075,2 hr 32 min,PG
Indiana Jones and the Kingdom of the Crystal Skull,Paramount Pictures,2008,317101119,790653942,2 hr 2 min,PG-13
The Lord of the Rings: The Fellowship of the Ring,New Line Cinema,2001,315710750,897690072,2 hr 58 min,PG-13
Thor: Ragnarok,Walt Disney Studios Motion Pictures,2017,315058289,853983911,2 hr 10 min,PG-13
Iron Man 2,Paramount Pictures,2010,312433331,623933331,2 hr 4 min,PG-13
Star Wars: Episode II - Attack of the Clones,Twentieth Century Fox,2002,310676740,653779970,2 hr 22 min,PG
Pirates of the Caribbean: At World's End,Walt Disney Studios Motion Pictures,2007,309420425,960996492,2 hr 49 min,PG-13
Star Wars: Episode VI - Return of the Jedi,Twentieth Century Fox,1983,309306177,475106177,2 hr 11 min,PG
Independence Day,Twentieth Century Fox,1996,306169268,817400891,2 hr 25 min,PG-13
Pirates of the Caribbean: The Curse of the Black Pearl,Walt Disney Studios Motion Pictures,2003,305413918,654264015,2 hr 23 min,PG-13
Skyfall,Sony Pictures Entertainment (SPE),2012,304360277,1108569499,2 hr 23 min,PG-13
The Hobbit: An Unexpected Journey,Warner Bros.,2012,303003568,1017003568,2 hr 49 min,NA
Harry Potter and the Half-Blood Prince,Warner Bros.,2009,302305431,934454096,2 hr 33 min,PG
The Twilight Saga: Eclipse,Summit Entertainment,2010,300531751,698491347,2 hr 4 min,PG-13
The Twilight Saga: New Moon,Summit Entertainment,2009,297816253,711025481,2 hr 10 min,PG-13
Harry Potter and the Deathly Hallows: Part 1,Warner Bros.,2010,296347721,977043483,2 hr 26 min,NA
The Sixth Sense,Walt Disney Studios Motion Pictures,1999,293506292,672806432,1 hr 47 min,PG-13
Up,Walt Disney Studios Motion Pictures,2009,293004164,735099102,1 hr 36 min,PG
Star Wars: Episode V - The Empire Strikes Back,Twentieth Century Fox,1980,292753960,538375067,2 hr 4 min,PG
Inception,Warner Bros.,2010,292576195,836836967,2 hr 28 min,PG-13
Harry Potter and the Order of the Phoenix,Warner Bros.,2007,292353413,942172396,2 hr 18 min,PG-13
The Twilight Saga: Breaking Dawn - Part 2,Lionsgate,2012,292324737,829747654,1 hr 55 min,PG-13
"The Chronicles of Narnia: The Lion, the Witch and the Wardrobe",Walt Disney Studios Motion Pictures,2005,291710957,745013115,2 hr 23 min,PG
Man of Steel,Warner Bros.,2013,291045518,668045518,2 hr 23 min,PG-13
"Monsters, Inc.",Walt Disney Studios Motion Pictures,2001,290642256,579707738,1 hr 32 min,G
Harry Potter and the Goblet of Fire,Warner Bros.,2005,290417905,896678241,2 hr 37 min,PG-13
Home Alone,Twentieth Century Fox,1990,285761243,476684675,1 hr 43 min,NA
The Hunger Games: Mockingjay - Part 2,Lionsgate,2015,281723902,658344137,2 hr 17 min,PG-13
The Matrix Reloaded,Warner Bros.,2003,281576461,741847937,2 hr 18 min,R
The Twilight Saga: Breaking Dawn - Part 1,Summit Entertainment,2011,281287133,712205856,1 hr 57 min,PG-13
Meet the Fockers,Universal Pictures,2004,279261160,522657936,1 hr 55 min,PG-13
The Hangover,Warner Bros.,2009,277322503,469310836,1 hr 40 min,R
Gravity,Warner Bros.,2013,274092705,723192705,1 hr 31 min,PG-13
The Grinch,Universal Pictures,2018,271094731,512568819,1 hr 25 min,PG
Sing,Universal Pictures,2016,270448425,634208384,1 hr 48 min,PG
Monsters University,Walt Disney Studios Motion Pictures,2013,268492764,743559645,1 hr 44 min,NA
Shrek,DreamWorks Distribution,2001,267665011,487853320,1 hr 30 min,PG
Despicable Me 3,Universal Pictures,2017,264624300,1034800131,1 hr 29 min,PG
Harry Potter and the Chamber of Secrets,Warner Bros.,2002,262450136,879602366,2 hr 41 min,PG
The Amazing Spider-Man,Sony Pictures Entertainment (SPE),2012,262030663,757930663,2 hr 16 min,PG-13
The Incredibles,Walt Disney Studios Motion Pictures,2004,261441092,631607053,1 hr 55 min,NA
Jaws,Universal Pictures,1975,260758300,471411300,2 hr 4 min,NA
How the Grinch Stole Christmas,Universal Pictures,2000,260465005,345573032,1 hr 44 min,PG
Captain America: The Winter Soldier,Walt Disney Studios Motion Pictures,2014,259766572,714421503,2 hr 16 min,PG-13
The Hobbit: The Desolation of Smaug,Warner Bros.,2013,258366855,959007513,2 hr 41 min,NA
The Lego Movie,Warner Bros.,2014,257760692,468060692,1 hr 40 min,PG
Star Trek,Paramount Pictures,2009,257730019,385680446,2 hr 7 min,PG-13
I Am Legend,Warner Bros.,2007,256393010,585410052,1 hr 41 min,PG-13
The Blind Side,Warner Bros.,2009,255959475,309208309,2 hr 9 min,PG-13
The Hobbit: The Battle of the Five Armies,Warner Bros.,2014,255119788,962182865,2 hr 24 min,NA
The Hangover Part II,Warner Bros.,2011,254464305,586764305,1 hr 42 min,R
Despicable Me,Universal Pictures,2010,251513985,543113985,1 hr 35 min,PG
Batman,Warner Bros.,1989,251348343,411508343,2 hr 6 min,NA
Night at the Museum,Twentieth Century Fox,2006,250863268,574481229,1 hr 48 min,NA
Men in Black,Sony Pictures Entertainment (SPE),1997,250690539,589390539,1 hr 38 min,PG-13
Harry Potter and the Prisoner of Azkaban,Warner Bros.,2004,249975996,797361618,2 hr 22 min,PG
Moana,Walt Disney Studios Motion Pictures,2016,248757044,644136488,1 hr 47 min,NA
Indiana Jones and the Raiders of the Lost Ark,Paramount Pictures,1981,248159971,389925971,1 hr 55 min,PG
Toy Story 2,Walt Disney Studios Motion Pictures,1999,245852179,497375381,1 hr 32 min,NA
Transformers: Age of Extinction,Paramount Pictures,2014,245439076,1104054072,2 hr 45 min,PG-13
Cars,Walt Disney Studios Motion Pictures,2006,244082982,461991867,1 hr 57 min,NA
Ghostbusters,Columbia Pictures,1984,243578797,296578797,1 hr 45 min,NA
Bruce Almighty,Universal Pictures,2003,242829261,484592874,1 hr 41 min,PG-13
Twister,Warner Bros.,1996,241721524,494471524,1 hr 53 min,NA
My Big Fat Greek Wedding,IFC Films,2002,241438208,368744044,1 hr 35 min,PG
Maleficent,Walt Disney Studios Motion Pictures,2014,241410378,758411779,1 hr 37 min,PG
Pirates of the Caribbean: On Stranger Tides,Walt Disney Studios Motion Pictures,2011,241071802,1045713802,2 hr 17 min,PG-13
Shrek Forever After,DreamWorks,2010,238736787,752600867,1 hr 33 min,PG
Fast & Furious 6,Universal Pictures,2013,238679850,788680968,2 hr 10 min,PG-13
Brave,Walt Disney Studios Motion Pictures,2012,237283207,538983207,1 hr 33 min,PG
Oz the Great and Powerful,Walt Disney Studios Motion Pictures,2013,234911825,493311825,2 hr 10 min,PG
X-Men: The Last Stand,Twentieth Century Fox,2006,234362462,460435291,1 hr 44 min,PG-13
War of the Worlds,Paramount Pictures,2005,234280354,603873119,1 hr 56 min,PG-13
Fantastic Beasts and Where to Find Them,Warner Bros.,2016,234037575,814044001,2 hr 12 min,PG-13
X-Men: Days of Future Past,Twentieth Century Fox,2014,233921534,746045700,2 hr 12 min,PG-13
Cast Away,Twentieth Century Fox,2000,233632142,429632142,2 hr 23 min,PG-13
The Exorcist,Warner Bros.,1973,232906145,441306145,2 hr 2 min,NA
Doctor Strange,Walt Disney Studios Motion Pictures,2016,232641920,677796076,1 hr 55 min,PG-13
The Lost World: Jurassic Park,Universal Pictures,1997,229086679,618638999,2 hr 9 min,PG-13
Justice League,Warner Bros.,2017,229024295,657926987,2 hr,NA
Star Trek Into Darkness,Paramount Pictures,2013,228778661,467365246,2 hr 12 min,PG-13
The Martian,Twentieth Century Fox,2015,228433663,630162448,2 hr 24 min,PG-13
Signs,Walt Disney Studios Motion Pictures,2002,227966634,408247917,1 hr 46 min,PG-13
Hancock,Sony Pictures Entertainment (SPE),2008,227946274,629443428,1 hr 32 min,PG-13
The Bourne Ultimatum,Universal Pictures,2007,227471070,444100035,1 hr 55 min,PG-13
Logan,Twentieth Century Fox,2017,226277068,619179950,2 hr 17 min,R
Rush Hour 2,New Line Cinema,2001,226164286,347325802,1 hr 30 min,PG-13
The Fate of the Furious,Universal Pictures,2017,226008385,1236005118,2 hr 16 min,PG-13
Shang-Chi and the Legend of the Ten Rings,Walt Disney Studios Motion Pictures,2021,224543292,432233010,2 hr 12 min,NA
WALL·E,Walt Disney Studios Motion Pictures,2008,223808164,521311890,1 hr 38 min,NA
Big Hero 6,Walt Disney Studios Motion Pictures,2014,222527828,657869686,1 hr 42 min,PG
Mission: Impossible - Fallout,Paramount Pictures,2018,220159104,791657398,2 hr 27 min,PG-13
National Treasure: Book of Secrets,Walt Disney Studios Motion Pictures,2007,219964115,459242249,2 hr 4 min,NA
Alvin and the Chipmunks: The Squeakquel,Twentieth Century Fox,2009,219614612,443140005,1 hr 28 min,PG
Mrs. Doubtfire,Twentieth Century Fox,1993,219195243,441286195,2 hr 5 min,PG-13
Beauty and the Beast,Walt Disney Studios Motion Pictures,1991,218967620,424967620,1 hr 24 min,NA
Ted,Universal Pictures,2012,218815487,549368315,1 hr 46 min,R
King Kong,Universal Pictures,2005,218080025,556906378,3 hr 7 min,PG-13
Ghost,Paramount Pictures,1990,217631306,505703557,2 hr 7 min,NA
How to Train Your Dragon,DreamWorks,2010,217581231,494879471,1 hr 38 min,PG
The Da Vinci Code,Sony Pictures Entertainment (SPE),2006,217536138,760006945,2 hr 29 min,PG-13
Aladdin,Walt Disney Studios Motion Pictures,1992,217350219,504050219,1 hr 30 min,NA
Alvin and the Chipmunks,Twentieth Century Fox,2007,217326974,365352546,1 hr 32 min,PG
Saving Private Ryan,DreamWorks Distribution,1998,217049603,482349603,2 hr 49 min,R
Bohemian Rhapsody,Twentieth Century Fox,2018,216668042,910809311,2 hr 14 min,PG-13
Ant-Man and the Wasp,Walt Disney Studios Motion Pictures,2018,216648740,622674139,1 hr 58 min,NA
Madagascar 3: Europe's Most Wanted,DreamWorks,2012,216391482,746921274,1 hr 35 min,PG
Kung Fu Panda,DreamWorks,2008,215434591,631746197,1 hr 32 min,PG
Mission: Impossible II,Paramount Pictures,2000,215409889,546388108,2 hr 3 min,PG-13
A Star Is Born,Warner Bros.,2018,215288866,436188866,2 hr 16 min,R
X2: X-Men United,Twentieth Century Fox,2003,214949694,407711549,2 hr 14 min,PG-13
The Lorax,Universal Pictures,2012,214030500,348840316,1 hr 26 min,PG
Solo: A Star Wars Story,Walt Disney Studios Motion Pictures,2018,213767512,392924807,2 hr 15 min,PG-13
Venom,Sony Pictures Entertainment (SPE),2018,213515506,856085151,1 hr 52 min,PG-13
Austin Powers in Goldmember,New Line Cinema,2002,213307889,296938801,1 hr 34 min,PG-13
Venom: Let There Be Carnage,Sony Pictures Entertainment (SPE),2021,212638437,501138437,1 hr 37 min,NA
It Chapter Two,Warner Bros.,2019,211593228,473093228,2 hr 49 min,R
Back to the Future,Universal Pictures,1985,211406762,381906762,1 hr 56 min,NA
300,Warner Bros.,2006,210614939,456068181,1 hr 57 min,R
Coco,Walt Disney Studios Motion Pictures,2017,210460015,807817888,1 hr 45 min,NA
Fast Five,Universal Pictures,2011,209837675,626137675,2 hr 10 min,PG-13
Mission: Impossible - Ghost Protocol,Paramount Pictures,2011,209397903,694713380,2 hr 12 min,PG-13
Wedding Crashers,New Line Cinema,2005,209255921,288467645,1 hr 59 min,R
Sherlock Holmes,Warner Bros.,2009,209028679,524028679,2 hr 8 min,PG-13
Dawn of the Planet of the Apes,Twentieth Century Fox,2014,208545589,710644566,2 hr 10 min,PG-13
Batman Begins,Warner Bros.,2005,206852432,373661946,2 hr 20 min,PG-13
Charlie and the Chocolate Factory,Warner Bros.,2005,206459076,474968763,1 hr 55 min,PG
Ratatouille,Walt Disney Studios Motion Pictures,2007,206445654,623726085,1 hr 51 min,G
Thor: The Dark World,Walt Disney Studios Motion Pictures,2013,206362140,644783140,1 hr 52 min,PG-13
Bad Boys for Life,Sony Pictures Entertainment (SPE),2020,206305244,426505244,2 hr 4 min,R
Austin Powers: The Spy Who Shagged Me,New Line Cinema,1999,206040086,312016928,1 hr 35 min,PG-13
Terminator 2: Judgment Day,TriStar Pictures,1991,205881154,520881154,2 hr 17 min,R
The Amazing Spider-Man 2,Sony Pictures Entertainment (SPE),2014,202853933,708982323,2 hr 22 min,NA
World War Z,Paramount Pictures,2013,202807711,540455876,1 hr 56 min,PG-13
The Mummy Returns,Universal Pictures,2001,202019785,443280904,2 hr 10 min,PG-13
Armageddon,Walt Disney Studios Motion Pictures,1998,201578182,553709788,2 hr 31 min,PG-13
Cinderella,Walt Disney Studios Motion Pictures,2015,201151353,542358331,1 hr 45 min,PG
Ralph Breaks the Internet,Walt Disney Studios Motion Pictures,2018,201091711,529323962,1 hr 52 min,PG
Tangled,Walt Disney Studios Motion Pictures,2010,200821936,592462816,1 hr 40 min,PG
Godzilla,Warner Bros.,2014,200676069,524976069,2 hr 3 min,PG-13
Superman Returns,Warner Bros.,2006,200081192,391081192,2 hr 34 min,PG-13
Spectre,Sony Pictures Entertainment (SPE),2015,200074609,880681519,2 hr 28 min,PG-13
Pearl Harbor,Walt Disney Studios Motion Pictures,2001,198542554,449220945,3 hr 3 min,PG-13
Monsters vs. Aliens,DreamWorks,2009,198351526,381509870,1 hr 34 min,PG
Happy Feet,Warner Bros.,2006,198000317,384336108,1 hr 48 min,PG
Indiana Jones and the Last Crusade,Paramount Pictures,1989,197171806,474171806,2 hr 7 min,PG-13
Ice Age: Dawn of the Dinosaurs,Twentieth Century Fox,2009,196573705,886686817,1 hr 34 min,PG
Ice Age: The Meltdown,Twentieth Century Fox,2006,195330621,667094506,1 hr 31 min,PG
Mission: Impossible - Rogue Nation,Paramount Pictures,2015,195042377,682716636,2 hr 11 min,PG-13
Twilight,Summit Entertainment,2008,193962473,408430415,2 hr 2 min,PG-13
Men in Black II,Sony Pictures Entertainment (SPE),2002,193735288,445135288,1 hr 28 min,PG-13
Madagascar,DreamWorks Distribution,2005,193595521,542063846,1 hr 26 min,NA
22 Jump Street,Sony Pictures Entertainment (SPE),2014,191719337,331333876,1 hr 52 min,R
Cars 2,Walt Disney Studios Motion Pictures,2011,191452396,559852396,1 hr 46 min,G
Teenage Mutant Ninja Turtles,Paramount Pictures,2014,191204754,485004754,1 hr 41 min,PG-13
Spider-Man: Into the Spider-Verse,Sony Pictures Entertainment (SPE),2018,190241310,375540831,1 hr 57 min,PG
Grease,Paramount Pictures,1978,190071103,396271103,1 hr 50 min,PG
Dunkirk,Warner Bros.,2017,189740665,527016307,1 hr 46 min,PG-13
Wreck-It Ralph,Walt Disney Studios Motion Pictures,2012,189422889,471222889,1 hr 41 min,PG
A Quiet Place,Paramount Pictures,2018,188024361,340952971,1 hr 30 min,PG-13
Interstellar,Paramount Pictures,2014,188020017,701729206,2 hr 49 min,PG-13
The Polar Express,Warner Bros.,2004,187935490,314215454,1 hr 40 min,NA
Gladiator,DreamWorks Distribution,2000,187705427,465380802,2 hr 35 min,R
The Croods,Twentieth Century Fox,2013,187168425,587235983,1 hr 38 min,PG
Sherlock Holmes: A Game of Shadows,Warner Bros.,2011,186848418,543848418,2 hr 9 min,NA
The Day After Tomorrow,Twentieth Century Fox,2004,186740799,552639571,2 hr 4 min,PG-13
Mr. & Mrs. Smith,Twentieth Century Fox,2005,186336279,487287646,2 hr,PG-13
Snow White and the Seven Dwarfs,Walt Disney Studios Motion Pictures,1937,184925486,184925486,1 hr 23 min,NA
Pitch Perfect 2,Universal Pictures,2015,184296230,287144079,1 hr 55 min,PG-13
Dances with Wolves,Orion Pictures,1990,184208848,424208848,3 hr 1 min,NA
Batman Forever,Warner Bros.,1995,184069126,336567158,2 hr 1 min,PG-13
The Fugitive,Warner Bros.,1993,183875760,368875760,2 hr 10 min,NA
Black Widow,Walt Disney Studios Motion Pictures,2021,183651655,379631351,2 hr 14 min,NA
The Revenant,Twentieth Century Fox,2015,183637894,532950503,2 hr 36 min,R
Ocean's Eleven,Warner Bros.,2001,183417150,450717150,1 hr 56 min,PG-13
The Simpsons Movie,Twentieth Century Fox,2007,183135014,536414293,1 hr 27 min,PG-13
What Women Want,Paramount Pictures,2000,182811707,374111707,2 hr 7 min,PG-13
The Perfect Storm,Warner Bros.,2000,182618434,328718434,2 hr 10 min,PG-13
Lincoln,Walt Disney Studios Motion Pictures,2012,182207973,275293450,2 hr 30 min,PG-13
Liar Liar,Universal Pictures,1997,181410615,302710615,1 hr 26 min,NA
Jurassic Park III,Universal Pictures,2001,181171875,368780809,1 hr 32 min,PG-13
Thor,Paramount Pictures,2011,181030624,449326618,1 hr 55 min,PG-13
Mission: Impossible,Paramount Pictures,1996,180981856,457696391,1 hr 50 min,PG-13
Ant-Man,Walt Disney Studios Motion Pictures,2015,180202163,519311965,1 hr 57 min,PG-13
Planet of the Apes,Twentieth Century Fox,2001,180011740,362211740,1 hr 59 min,PG-13
Madagascar: Escape 2 Africa,DreamWorks,2008,180010950,603900354,1 hr 29 min,PG
X-Men Origins: Wolverine,Twentieth Century Fox,2009,179883157,373062864,1 hr 47 min,PG-13
Indiana Jones and the Temple of Doom,Paramount Pictures,1984,179870271,333107271,1 hr 58 min,NA
Hitch,Sony Pictures Entertainment (SPE),2005,179495555,371594210,1 hr 58 min,PG-13
Men in Black 3,Sony Pictures Entertainment (SPE),2012,179020854,624026776,1 hr 46 min,PG-13
Pretty Woman,Walt Disney Studios Motion Pictures,1990,178406268,463406268,1 hr 59 min,R
Home,Twentieth Century Fox,2015,177397510,386041607,1 hr 34 min,PG
Night at the Museum: Battle of the Smithsonian,Twentieth Century Fox,2009,177243721,413106170,1 hr 45 min,PG
Tootsie,Columbia Pictures,1982,177200000,177200000,1 hr 56 min,NA
How to Train Your Dragon 2,Twentieth Century Fox,2014,177002924,621537519,1 hr 42 min,PG
Rise of the Planet of the Apes,Twentieth Century Fox,2011,176760185,481800873,1 hr 45 min,PG-13
Captain America: The First Avenger,Paramount Pictures,2011,176654505,370569774,2 hr 4 min,PG-13
Elf,New Line Cinema,2003,176630408,223853736,1 hr 37 min,PG
The Karate Kid,Sony Pictures Entertainment (SPE),2010,176591618,359126022,2 hr 20 min,PG
There's Something About Mary,Twentieth Century Fox,1998,176484651,369884651,1 hr 59 min,R
Ice Age,Twentieth Century Fox,2002,176387405,383257136,1 hr 21 min,PG
The Bourne Supremacy,Universal Pictures,2004,176241941,290835269,1 hr 48 min,PG-13
The Lego Batman Movie,Warner Bros.,2017,175750384,311950384,1 hr 44 min,PG
Us,Universal Pictures,2019,175084580,255185482,1 hr 56 min,R
The Boss Baby,Twentieth Century Fox,2017,175003033,527965936,1 hr 37 min,NA
Crazy Rich Asians,Warner Bros.,2018,174532921,238539198,2 hr,PG-13
The Greatest Showman,Twentieth Century Fox,2017,174340174,436949634,1 hr 45 min,PG
Fast & Furious Presents: Hobbs & Shaw,Universal Pictures,2019,173956935,759056935,2 hr 17 min,NA
Apollo 13,Universal Pictures,1995,173837933,355237933,2 hr 20 min,NA
Home Alone 2: Lost in New York,Twentieth Century Fox,1992,173585516,358994850,2 hr,NA
National Treasure,Walt Disney Studios Motion Pictures,2004,173008894,347512318,2 hr 11 min,PG
F9: The Fast Saga,Universal Pictures,2021,173005945,726229501,2 hr 23 min,NA
Air Force One,Sony Pictures Entertainment (SPE),1997,172956409,315156409,2 hr 4 min,R
Rain Man,Metro-Goldwyn-Mayer (MGM),1988,172825435,354825435,2 hr 13 min,NA
Pirates of the Caribbean: Dead Men Tell No Tales,Walt Disney Studios Motion Pictures,2017,172558876,794881442,2 hr 9 min,PG-13
TRON: Legacy,Walt Disney Studios Motion Pictures,2010,172062763,400063852,2 hr 5 min,PG
Mary Poppins Returns,Walt Disney Studios Motion Pictures,2018,171958438,349546142,2 hr 10 min,PG
The Matrix,Warner Bros.,1999,171479930,466625730,2 hr 16 min,R
True Grit,Paramount Pictures,2010,171243005,252276927,1 hr 50 min,PG-13
Tarzan,Walt Disney Studios Motion Pictures,1999,171091819,448191819,1 hr 28 min,G
John Wick: Chapter 3 - Parabellum,Lionsgate,2019,171015687,327281779,2 hr 10 min,R
A Beautiful Mind,Universal Pictures,2001,170742341,316791257,2 hr 15 min,PG-13
Chicago,Miramax,2002,170687518,306776732,1 hr 53 min,PG-13
The Help,Walt Disney Studios Motion Pictures,2011,169708112,216639112,2 hr 26 min,PG-13
Hotel Transylvania 2,Sony Pictures Entertainment (SPE),2015,169700110,475186706,1 hr 29 min,PG
Hidden Figures,Twentieth Century Fox,2016,169607287,235956898,2 hr 7 min,PG
Bridesmaids,Universal Pictures,2011,169106725,288383523,2 hr 5 min,R
Quantum of Solace,Sony Pictures Entertainment (SPE),2008,168368427,589580482,1 hr 46 min,PG-13
Wild Hogs,Walt Disney Studios Motion Pictures,2007,168273550,253625427,1 hr 40 min,NA
Kong: Skull Island,Warner Bros.,2017,168052812,566652812,1 hr 58 min,PG-13
Three Men and a Baby,Walt Disney Studios Motion Pictures,1987,167780960,167780960,1 hr 42 min,NA
Gone Girl,Twentieth Century Fox,2014,167767189,369330363,2 hr 29 min,R
Hotel Transylvania 3: Summer Vacation,Sony Pictures Entertainment (SPE),2018,167510016,528583774,1 hr 37 min,PG
Casino Royale,Sony Pictures Entertainment (SPE),2006,167445960,616502912,2 hr 24 min,PG-13
Meet the Parents,Universal Pictures,2000,166244045,330444045,1 hr 48 min,PG-13
Fifty Shades of Grey,Universal Pictures,2015,166167230,569651467,2 hr 5 min,R
2012,Sony Pictures Entertainment (SPE),2009,166112167,791217826,2 hr 38 min,PG-13
Robin Hood: Prince of Thieves,Warner Bros.,1991,165493908,390493908,2 hr 23 min,NA
Knives Out,Lionsgate,2019,165363234,311605581,2 hr 10 min,PG-13
Kung Fu Panda 2,DreamWorks,2011,165249063,665692281,1 hr 30 min,PG
Hannibal,Metro-Goldwyn-Mayer (MGM),2001,165092268,351692268,2 hr 11 min,R
Eternals,Walt Disney Studios Motion Pictures,2021,164819595,401847482,2 hr 36 min,NA
Catch Me If You Can,DreamWorks Distribution,2002,164615351,352114312,2 hr 21 min,PG-13
The Proposal,Walt Disney Studios Motion Pictures,2009,163958031,317375031,1 hr 48 min,PG-13
The Pursuit of Happyness,Sony Pictures Entertainment (SPE),2006,163566459,307127625,1 hr 57 min,PG-13
Big Daddy,Sony Pictures Entertainment (SPE),1999,163479795,234801895,1 hr 33 min,PG-13
Clash of the Titans,Warner Bros.,2010,163214888,493214993,1 hr 46 min,PG-13
The SpongeBob Movie: Sponge Out of Water,Paramount Pictures,2015,162994032,325186032,1 hr 32 min,PG
Batman Returns,Warner Bros.,1992,162902340,266892996,2 hr 6 min,PG-13
Django Unchained,The Weinstein Company,2012,162805434,426074373,2 hr 45 min,R
A Bug's Life,Walt Disney Studios Motion Pictures,1998,162798565,363258859,1 hr 35 min,NA
Jason Bourne,Universal Pictures,2016,162434410,415484914,2 hr 3 min,PG-13
Grown Ups,Sony Pictures Entertainment (SPE),2010,162001186,271457301,1 hr 42 min,PG-13
The Waterboy,Walt Disney Studios Motion Pictures,1998,161491646,185991646,1 hr 30 min,PG-13
Ice Age: Continental Drift,Twentieth Century Fox,2012,161321843,877244782,1 hr 28 min,PG
Straight Outta Compton,Universal Pictures,2015,161197785,201634991,2 hr 27 min,R
Die Another Day,Metro-Goldwyn-Mayer (MGM),2002,160942139,431971116,2 hr 13 min,PG-13
Shark Tale,DreamWorks Distribution,2004,160861908,374583879,1 hr 30 min,PG
How to Train Your Dragon: The Hidden World,Universal Pictures,2019,160799505,524389083,1 hr 44 min,PG
No Time to Die,Metro-Goldwyn-Mayer (MGM),2021,160772007,774034007,2 hr 43 min,NA
A Quiet Place Part II,Paramount Pictures,2020,160072261,297372261,1 hr 37 min,NA
The Heat,Twentieth Century Fox,2013,159582188,229930771,1 hr 57 min,R
Fantastic Beasts: The Crimes of Grindelwald,Warner Bros.,2018,159555901,654855901,2 hr 14 min,PG-13
Halloween,Universal Pictures,2018,159342015,255614941,1 hr 46 min,R
1917,Universal Pictures,2019,159227644,384919389,1 hr 59 min,R
The Secret Life of Pets 2,Universal Pictures,2019,158874395,430051293,1 hr 26 min,PG
Star Trek Beyond,Paramount Pictures,2016,158848340,343471816,2 hr 2 min,PG-13
The Firm,Paramount Pictures,1993,158348367,270248367,2 hr 34 min,NA
The Longest Yard,Paramount Pictures,2005,158119460,191466556,1 hr 53 min,PG-13
X-Men,Twentieth Century Fox,2000,157299718,296339528,1 hr 44 min,PG-13
Scary Movie,Miramax,2000,157019771,278019771,1 hr 28 min,R
Who Framed Roger Rabbit,Walt Disney Studios Motion Pictures,1988,156452370,329803958,1 hr 44 min,NA
What Lies Beneath,DreamWorks Distribution,2000,155464351,291420351,2 hr 10 min,PG-13
X-Men: Apocalypse,Twentieth Century Fox,2016,155442489,543934105,2 hr 24 min,PG-13
The Mummy,Universal Pictures,1999,155385488,415933406,2 hr 4 min,PG-13
Snow White and the Huntsman,Universal Pictures,2012,155332381,396592829,2 hr 7 min,PG-13
San Andreas,Warner Bros.,2015,155190832,474009154,1 hr 54 min,PG-13
Fast & Furious,Universal Pictures,2009,155064265,360366870,1 hr 47 min,PG-13
Over the Hedge,DreamWorks,2006,155019340,339795890,1 hr 23 min,NA
Fantastic Four,Twentieth Century Fox,2005,154696080,333535934,1 hr 46 min,PG-13
Horton Hears a Who!,Twentieth Century Fox,2008,154529439,298572799,1 hr 26 min,NA
Mad Max: Fury Road,Warner Bros.,2015,154058340,375658750,2 hr,R
Jerry Maguire,Sony Pictures Entertainment (SPE),1996,153952592,273552592,2 hr 19 min,R
Trolls,Twentieth Century Fox,2016,153707064,346864886,1 hr 32 min,PG
Scooby-Doo,Warner Bros.,2002,153294164,275650703,1 hr 29 min,PG
Cars 3,Walt Disney Studios Motion Pictures,2017,152901115,383930656,1 hr 42 min,NA
Sex and the City,Warner Bros.,2008,152647258,418765519,2 hr 25 min,R
Runaway Bride,Paramount Pictures,1999,152257509,309460292,1 hr 56 min,PG
La La Land,Lionsgate,2016,151101803,448906865,2 hr 8 min,PG-13
Divergent,Lionsgate,2014,150947895,288885818,2 hr 19 min,PG-13
We're the Millers,Warner Bros.,2013,150394119,269994119,1 hr 50 min,R
Terminator 3: Rise of the Machines,Warner Bros.,2003,150371112,433371112,1 hr 49 min,R
Daddy's Home,Paramount Pictures,2015,150357137,242786137,1 hr 36 min,NA
G.I. Joe: The Rise of Cobra,Paramount Pictures,2009,150201498,302469017,1 hr 58 min,PG-13
Neighbors,Universal Pictures,2014,150157400,270665134,1 hr 37 min,R
American Hustle,Sony Pictures Entertainment (SPE),2013,150117807,251171807,2 hr 18 min,R
Puss in Boots,DreamWorks,2011,149260504,554987477,1 hr 30 min,PG
Sonic the Hedgehog,Paramount Pictures,2020,148974665,319715683,1 hr 39 min,PG
Les Misérables,Universal Pictures,2012,148809770,442299309,2 hr 38 min,PG-13
Knocked Up,Universal Pictures,2007,148768917,219922417,2 hr 9 min,R
As Good as It Gets,Sony Pictures Entertainment (SPE),1997,148478011,314178011,2 hr 19 min,PG-13
Little Fockers,Universal Pictures,2010,148438600,310650585,1 hr 38 min,PG-13
Megamind,DreamWorks,2010,148415853,321885765,1 hr 35 min,PG
Hotel Transylvania,Sony Pictures Entertainment (SPE),2012,148313048,358375603,1 hr 31 min,PG
Talladega Nights: The Ballad of Ricky Bobby,Sony Pictures Entertainment (SPE),2006,148213377,163362095,1 hr 48 min,PG-13
Gran Torino,Warner Bros.,2008,148095302,269958228,1 hr 56 min,R
Lethal Weapon 2,Warner Bros.,1989,147253986,227853986,1 hr 54 min,NA
War for the Planet of the Apes,Twentieth Century Fox,2017,146880162,490719763,2 hr 20 min,PG-13
X-Men: First Class,Twentieth Century Fox,2011,146408305,352616690,2 hr 11 min,PG-13
Paul Blart: Mall Cop,Sony Pictures Entertainment (SPE),2009,146336178,183348429,1 hr 31 min,PG
True Lies,Twentieth Century Fox,1994,146282411,378882411,2 hr 21 min,R
Lilo & Stitch,Walt Disney Studios Motion Pictures,2002,145794338,273144151,1 hr 25 min,PG
The Santa Clause,Walt Disney Studios Motion Pictures,1994,145539357,190539357,1 hr 37 min,PG
The Meg,Warner Bros.,2018,145443742,530438278,1 hr 53 min,PG-13
American Pie 2,Universal Pictures,2001,145103595,287553595,1 hr 48 min,R
Taken,Twentieth Century Fox,2008,145000989,226837760,1 hr 30 min,PG-13
The Great Gatsby,Warner Bros.,2013,144840419,353642274,2 hr 23 min,PG-13
"I, Robot",Twentieth Century Fox,2004,144801023,353133898,1 hr 55 min,PG-13
Lethal Weapon 3,Warner Bros.,1992,144731527,321731527,1 hr 58 min,R
The Fast and the Furious,Universal Pictures,2001,144533925,207305509,1 hr 46 min,PG-13
Mamma Mia!,Universal Pictures,2008,144169664,611257819,1 hr 48 min,PG-13
Doctor Dolittle,Twentieth Century Fox,1998,144156605,294456605,1 hr 25 min,NA
Pokémon Detective Pikachu,Warner Bros.,2019,144105346,433514834,1 hr 44 min,PG
Rio,Twentieth Century Fox,2011,143619809,483866518,1 hr 36 min,PG
Kung Fu Panda 3,Twentieth Century Fox,2016,143528619,521170825,1 hr 35 min,PG
Juno,Fox Searchlight Pictures,2007,143495265,232372681,1 hr 36 min,PG-13
Marley & Me,Twentieth Century Fox,2008,143153751,255743093,1 hr 51 min,NA
The Smurfs,Sony Pictures Entertainment (SPE),2011,142614158,563749323,1 hr 43 min,PG
Once Upon a Time... In Hollywood,Sony Pictures Entertainment (SPE),2019,142502728,374565754,2 hr 41 min,R
xXx,Revolution Studios,2002,142109382,277448382,2 hr 4 min,PG-13
The Chronicles of Narnia: Prince Caspian,Walt Disney Studios Motion Pictures,2008,141621490,419665568,2 hr 30 min,PG
Pocahontas,Walt Disney Studios Motion Pictures,1995,141579773,346079773,1 hr 21 min,NA
A Few Good Men,Columbia Pictures,1992,141340178,243240178,2 hr 18 min,R
Slumdog Millionaire,Fox Searchlight Pictures,2008,141319928,378410542,2 hr,R
Rush Hour,New Line Cinema,1998,141186864,244721064,1 hr 38 min,PG-13
The Blair Witch Project,Artisan Entertainment,1999,140539099,248639099,1 hr 21 min,R
Deep Impact,Paramount Pictures,1998,140464664,349464664,2 hr,NA
Shazam!,Warner Bros.,2019,140371656,365971656,2 hr 12 min,PG-13
Ocean's Eight,Warner Bros.,2018,140218711,297718711,1 hr 50 min,PG-13
Rush Hour 3,New Line Cinema,2007,140125968,258097122,1 hr 31 min,PG-13
Stuart Little,Sony Pictures Entertainment (SPE),1999,140035367,300135367,1 hr 24 min,PG
Taken 2,Twentieth Century Fox,2012,139854287,376152455,1 hr 32 min,PG-13
Sister Act,Walt Disney Studios Motion Pictures,1992,139605150,231605150,1 hr 40 min,NA
The Matrix Revolutions,Warner Bros.,2003,139313948,427344325,2 hr 9 min,R
The Santa Clause 2,Walt Disney Studios Motion Pictures,2002,139236327,172855065,1 hr 44 min,NA
The King's Speech,The Weinstein Company,2010,138797449,427374317,1 hr 58 min,R
Cheaper by the Dozen,Twentieth Century Fox,2003,138614544,190538630,1 hr 38 min,PG
Bad Boys II,Sony Pictures Entertainment (SPE),2003,138608444,273339556,2 hr 27 min,R
Platoon,Orion Pictures,1986,138530565,138545632,2 hr,NA
21 Jump Street,Sony Pictures Entertainment (SPE),2012,138447667,201585328,1 hr 49 min,R
Good Will Hunting,Miramax,1997,138433435,225933435,2 hr 6 min,NA
Split,Universal Pictures,2016,138291365,278454417,1 hr 57 min,PG-13
A Christmas Carol,Walt Disney Studios Motion Pictures,2009,137855863,325286646,1 hr 36 min,PG
Dinosaur,Walt Disney Studios Motion Pictures,2000,137748063,349822765,1 hr 22 min,PG
Ready Player One,Warner Bros.,2018,137690172,582893671,2 hr 20 min,PG-13
The Conjuring,Warner Bros.,2013,137400141,320290989,1 hr 52 min,R
Click,Revolution Studios,2006,137355633,240685326,1 hr 47 min,PG-13
The Green Mile,Warner Bros.,1999,136801374,286801374,3 hr 9 min,R
Ransom,Walt Disney Studios Motion Pictures,1996,136492681,309492681,2 hr 1 min,NA
Godzilla,Sony Pictures Entertainment (SPE),1998,136314294,379014294,2 hr 19 min,PG-13
Argo,Warner Bros.,2012,136025503,232325503,2 hr,R
Anger Management,Revolution Studios,2003,135645823,195745823,1 hr 46 min,PG-13
Chicken Little,Walt Disney Studios Motion Pictures,2005,135386665,314432837,1 hr 21 min,G
Teenage Mutant Ninja Turtles,New Line Cinema,1990,135265915,201965915,1 hr 33 min,NA
Patch Adams,Universal Pictures,1998,135026902,202292902,1 hr 55 min,PG-13
The Godfather,Paramount Pictures,1972,134966411,246120986,2 hr 55 min,NA
Ride Along,Universal Pictures,2014,134938200,154468902,1 hr 39 min,PG-13
The Incredible Hulk,Universal Pictures,2008,134806913,264770996,1 hr 52 min,PG-13
Live Free or Die Hard,Twentieth Century Fox,2007,134529403,388156011,2 hr 8 min,PG-13
Wanted,Universal Pictures,2008,134508551,342463063,1 hr 50 min,R
Identity Thief,Universal Pictures,2013,134506920,173965010,1 hr 51 min,R
Superman,Warner Bros.,1978,134451603,300451603,2 hr 23 min,PG
The Rock,Walt Disney Studios Motion Pictures,1996,134069511,335062621,2 hr 16 min,R
Mission: Impossible III,Paramount Pictures,2006,134029801,398479497,2 hr 6 min,PG-13
Grown Ups 2,Sony Pictures Entertainment (SPE),2013,133668525,246984278,1 hr 41 min,PG-13
Troy,Warner Bros.,2004,133378256,497409852,2 hr 43 min,R
Angels & Demons,Sony Pictures Entertainment (SPE),2009,133375846,485930816,2 hr 18 min,PG-13
Alvin and the Chipmunks: Chipwrecked,Twentieth Century Fox,2011,133110742,342695435,1 hr 27 min,G
Bringing Down the House,Walt Disney Studios Motion Pictures,2003,132716677,164729679,1 hr 45 min,PG-13
The Wolverine,Twentieth Century Fox,2013,132556852,414828246,2 hr 6 min,PG-13
Wonder,Lionsgate,2017,132422809,306209289,1 hr 53 min,NA
The Departed,Warner Bros.,2006,132384315,291465373,2 hr 31 min,R
Hulk,Universal Pictures,2003,132177234,245285165,2 hr 18 min,PG-13
Silver Linings Playbook,The Weinstein Company,2012,132092958,236412453,2 hr 2 min,R
Minority Report,Twentieth Century Fox,2002,132072926,358372926,2 hr 25 min,PG-13
Fantastic 4: Rise of the Silver Surfer,Twentieth Century Fox,2007,131921738,301913131,1 hr 32 min,PG
The Last Airbender,Paramount Pictures,2010,131772187,319713881,1 hr 43 min,PG
Rio 2,Twentieth Century Fox,2014,131538435,498781117,1 hr 41 min,G
Lara Croft: Tomb Raider,Paramount Pictures,2001,131168070,274703340,1 hr 40 min,PG-13
The Silence of the Lambs,Orion Pictures,1991,130742922,272742922,1 hr 58 min,NA
The Flintstones,Universal Pictures,1994,130531208,341631208,1 hr 31 min,PG
Lethal Weapon 4,Warner Bros.,1998,130444603,285444603,2 hr 7 min,R
Get Smart,Warner Bros.,2008,130319208,230685453,1 hr 50 min,PG-13
The Divergent Series: Insurgent,Lionsgate,2015,130179072,297002527,1 hr 59 min,PG-13
The Peanuts Movie,Twentieth Century Fox,2015,130178411,246233113,1 hr 28 min,G
Transformers: The Last Knight,Paramount Pictures,2017,130168683,605425157,2 hr 34 min,PG-13
American Gangster,Universal Pictures,2007,130164645,269755430,2 hr 37 min,R
American Beauty,DreamWorks Distribution,1999,130096601,356296601,2 hr 2 min,R
The Ring,DreamWorks Distribution,2002,129128133,249348933,1 hr 55 min,PG-13
The Nutty Professor,Universal Pictures,1996,128814019,273961019,1 hr 35 min,PG-13
Borat: Cultural Learnings of America for Make Benefit Glorious Nation of Kazakhstan,Twentieth Century Fox,2006,128505958,262552893,1 hr 24 min,R
Ghostbusters,Sony Pictures Entertainment (SPE),2016,128350574,229147509,1 hr 57 min,PG-13
Kingsman: The Secret Service,Twentieth Century Fox,2014,128261724,414351546,2 hr 9 min,R
Robots,Twentieth Century Fox,2005,128200012,262511490,1 hr 31 min,PG
"Crouching Tiger, Hidden Dragon",Sony Pictures Classics,2000,128078872,213525736,2 hr,PG-13
Shutter Island,Paramount Pictures,2010,128012934,294805697,2 hr 18 min,R
Into the Woods,Walt Disney Studios Motion Pictures,2014,128002372,212902372,2 hr 5 min,PG
Rocky IV,United Artists,1985,127873716,300473716,1 hr 31 min,NA
Enchanted,Walt Disney Studios Motion Pictures,2007,127807262,340487836,1 hr 47 min,PG
The Curious Case of Benjamin Button,Paramount Pictures,2008,127509326,335802786,2 hr 46 min,PG-13
Central Intelligence,Warner Bros.,2016,127440871,216972543,1 hr 47 min,PG-13
Anchorman 2: The Legend Continues,Paramount Pictures,2013,127352707,173649931,1 hr 59 min,PG-13
Sweet Home Alabama,Walt Disney Studios Motion Pictures,2002,127223418,180622424,1 hr 48 min,PG-13
Bumblebee,Paramount Pictures,2018,127195589,467989645,1 hr 54 min,PG-13
Dumb and Dumber,New Line Cinema,1994,127175374,247275374,1 hr 47 min,NA
2 Fast 2 Furious,Universal Pictures,2003,127154901,236350661,1 hr 47 min,PG-13
My Best Friend's Wedding,Sony Pictures Entertainment (SPE),1997,127120029,299288605,1 hr 45 min,PG-13
Super 8,Paramount Pictures,2011,127004179,260095986,1 hr 52 min,PG-13
The World Is Not Enough,Metro-Goldwyn-Mayer (MGM),1999,126943684,361832400,2 hr 8 min,PG-13
Sleepless in Seattle,TriStar Pictures,1993,126808165,227927165,1 hr 45 min,PG
Lucy,Universal Pictures,2014,126663600,458863600,1 hr 29 min,R
The Legend of Tarzan,Warner Bros.,2016,126643061,356700357,1 hr 50 min,PG-13
Bee Movie,DreamWorks,2007,126631277,293514336,1 hr 31 min,PG
Prometheus,Twentieth Century Fox,2012,126477084,403354469,2 hr 4 min,R
Safe House,Universal Pictures,2012,126373434,208076205,1 hr 55 min,R
Mr. Deeds,Sony Pictures Entertainment (SPE),2002,126293452,171269535,1 hr 36 min,PG-13
The Truman Show,Paramount Pictures,1998,125618201,264118201,1 hr 43 min,NA
Erin Brockovich,Universal Pictures,2000,125595205,256271286,2 hr 11 min,R
Ocean's Twelve,Warner Bros.,2004,125544280,362744280,2 hr 5 min,PG-13
Terminator Salvation,Warner Bros.,2009,125322469,371353001,1 hr 55 min,PG-13
Charlie's Angels,Sony Pictures Entertainment (SPE),2000,125305545,264105545,1 hr 38 min,PG-13
Tomorrow Never Dies,Metro-Goldwyn-Mayer (MGM),1997,125304276,333011068,1 hr 59 min,NA
Ghostbusters: Afterlife,Sony Pictures Entertainment (SPE),2021,125278330,191378330,2 hr 4 min,NA
Lone Survivor,Universal Pictures,2013,125095601,154802912,2 hr 1 min,R
Sully,Warner Bros.,2016,125070033,240797623,1 hr 36 min,PG-13
The Vow,Screen Gems,2012,125014030,196114570,1 hr 44 min,PG-13
Life of Pi,Twentieth Century Fox,2012,124987023,609016565,2 hr 7 min,PG
The Fault in Our Stars,Twentieth Century Fox,2014,124872350,307166834,2 hr 6 min,PG-13
Cloudy with a Chance of Meatballs,Sony Pictures Entertainment (SPE),2009,124870275,243006126,1 hr 30 min,PG
The Devil Wears Prada,Twentieth Century Fox,2006,124740460,326706115,1 hr 49 min,PG-13
Something's Gotta Give,Sony Pictures Entertainment (SPE),2003,124728738,265328738,2 hr 8 min,PG-13
Traffic,USA Films,2000,124115725,207515725,2 hr 27 min,NA
The Birdcage,Metro-Goldwyn-Mayer (MGM),1996,124060553,185260553,1 hr 57 min,NA
City Slickers,Columbia Pictures,1991,124033791,179033791,1 hr 53 min,NA
Rango,Paramount Pictures,2011,123477607,245724603,1 hr 47 min,PG
Nutty Professor II: The Klumps,Universal Pictures,2000,123309890,166339890,1 hr 46 min,PG-13
The Good Dinosaur,Walt Disney Studios Motion Pictures,2015,123087120,332207671,1 hr 33 min,NA
G.I. Joe: Retaliation,Paramount Pictures,2013,122523060,375740705,1 hr 50 min,PG-13
Clear and Present Danger,Paramount Pictures,1994,122187717,215887717,2 hr 21 min,PG-13
The Hunt for Red October,Paramount Pictures,1990,122012643,200512643,2 hr 15 min,NA
The Bodyguard,Warner Bros.,1992,122006740,411006740,2 hr 9 min,NA
Wayne's World,Paramount Pictures,1992,121697323,183097323,1 hr 34 min,PG-13
The Bourne Identity,Universal Pictures,2002,121661683,214034224,1 hr 59 min,PG-13
Free Guy,20th Century Studios,2021,121626598,331503757,1 hr 55 min,NA
Superbad,Sony Pictures Entertainment (SPE),2007,121463226,170812526,1 hr 53 min,R
Speed,Twentieth Century Fox,1994,121248145,350448145,1 hr 56 min,R
50 First Dates,Sony Pictures Entertainment (SPE),2004,120908074,198520934,1 hr 39 min,PG-13
Mamma Mia! Here We Go Again,Universal Pictures,2018,120634935,402254384,1 hr 54 min,PG-13
Inglourious Basterds,The Weinstein Company,2009,120540719,321457747,2 hr 33 min,R
Seabiscuit,Universal Pictures,2003,120277854,148336445,2 hr 20 min,PG-13
Van Helsing,Universal Pictures,2004,120177084,300157638,2 hr 11 min,PG-13
Four Christmases,Warner Bros.,2008,120146040,164112721,1 hr 28 min,PG-13
I Now Pronounce You Chuck & Larry,Universal Pictures,2007,120059556,187134117,1 hr 55 min,PG-13
The Mask,New Line Cinema,1994,119938730,351583407,1 hr 41 min,PG-13
Cloudy with a Chance of Meatballs 2,Sony Pictures Entertainment (SPE),2013,119793567,274325949,1 hr 35 min,PG
Hook,TriStar Pictures,1991,119654823,300854823,2 hr 22 min,NA
Walk the Line,Twentieth Century Fox,2005,119519402,186797986,2 hr 16 min,PG-13
G-Force,Walt Disney Studios Motion Pictures,2009,119436770,292817898,1 hr 28 min,PG
Total Recall,Sony Pictures Entertainment (SPE),1990,119412921,261317921,1 hr 53 min,NA
The Other Guys,Sony Pictures Entertainment (SPE),2010,119219978,170458922,1 hr 47 min,PG-13
Fahrenheit 9/11,Lionsgate,2004,119194771,222446882,2 hr 2 min,R
Back to the Future Part II,Universal Pictures,1989,119000002,332500002,1 hr 48 min,NA
The Sum of All Fears,Paramount Pictures,2002,118907036,193921372,2 hr 4 min,PG-13
Hairspray,New Line Cinema,2007,118871849,203553311,1 hr 57 min,NA
The Break-Up,Universal Pictures,2006,118703275,205668210,1 hr 46 min,PG-13
A Series of Unfortunate Events,Paramount Pictures,2004,118634549,211468235,1 hr 48 min,PG
Blades of Glory,DreamWorks,2007,118594548,145710347,1 hr 33 min,PG-13
Salt,Sony Pictures Entertainment (SPE),2010,118311368,293503354,1 hr 40 min,PG-13
Basic Instinct,TriStar Pictures,1992,117727224,352927224,2 hr 7 min,R
Now You See Me,Lionsgate,2013,117723989,351723989,1 hr 55 min,PG-13
Ford v Ferrari,Twentieth Century Fox,2019,117624357,225508210,2 hr 32 min,PG-13
Big Momma's House,Twentieth Century Fox,2000,117559438,173959438,1 hr 39 min,PG-13
Die Hard 2,Twentieth Century Fox,1990,117540947,240031274,2 hr 4 min,NA
Horrible Bosses,Warner Bros.,2011,117538559,209838559,1 hr 38 min,R
The Nun,Warner Bros.,2018,117450119,365551694,1 hr 36 min,R
Jackass 3D,Paramount Pictures,2010,117229692,171685792,1 hr 35 min,R
Ocean's Thirteen,Warner Bros.,2007,117154724,311312624,2 hr 2 min,NA
Jungle Cruise,Walt Disney Studios Motion Pictures,2021,116987516,220889446,2 hr 7 min,NA
S.W.A.T.,Sony Pictures Entertainment (SPE),2003,116934650,207725639,1 hr 57 min,PG-13
The Wolf of Wall Street,Paramount Pictures,2013,116900694,392000694,3 hr,R
8 Mile,Universal Pictures,2002,116750901,242875078,1 hr 50 min,R
Double Jeopardy,Paramount Pictures,1999,116741558,177841558,1 hr 45 min,R
Lee Daniels' The Butler,The Weinstein Company,2013,116632095,177313795,2 hr 12 min,PG-13
Green Lantern,Warner Bros.,2011,116601172,219851172,1 hr 54 min,PG-13
Notting Hill,Universal Pictures,1999,116089678,363889678,2 hr 4 min,PG-13
You've Got Mail,Warner Bros.,1998,115821495,250821495,1 hr 59 min,PG
Ghost Rider,Sony Pictures Entertainment (SPE),2007,115802596,228738393,1 hr 50 min,PG-13
Remember the Titans,Walt Disney Studios Motion Pictures,2000,115719751,136771683,1 hr 53 min,PG
Creed II,Metro-Goldwyn-Mayer (MGM),2018,115715889,214215889,2 hr 10 min,PG-13
District 9,TriStar Pictures,2009,115646235,210888950,1 hr 52 min,R
Unbroken,Universal Pictures,2014,115637895,161459297,2 hr 17 min,PG-13
Peter Rabbit,Sony Pictures Entertainment (SPE),2018,115253424,351496066,1 hr 35 min,PG
Girls Trip,Universal Pictures,2017,115171585,140552359,2 hr 2 min,R
Dumbo,Walt Disney Studios Motion Pictures,2019,114766307,353284621,1 hr 52 min,PG
Fifty Shades Darker,Universal Pictures,2017,114581250,381545846,1 hr 58 min,R
Dodgeball: A True Underdog Story,Twentieth Century Fox,2004,114326736,168423227,1 hr 32 min,PG-13
The Village,Walt Disney Studios Motion Pictures,2004,114197520,256697520,1 hr 48 min,PG-13
Bolt,Walt Disney Studios Motion Pictures,2008,114053579,309979994,1 hr 36 min,PG
Maleficent: Mistress of Evil,Walt Disney Studios Motion Pictures,2019,113929605,491730089,1 hr 59 min,PG
Wild Wild West,Warner Bros.,1999,113804681,222104681,1 hr 46 min,PG-13
Night at the Museum: Secret of the Tomb,Twentieth Century Fox,2014,113746621,363204635,1 hr 38 min,PG
Magic Mike,Warner Bros.,2012,113721571,167739961,1 hr 50 min,R
The Addams Family,Paramount Pictures,1991,113502426,191502426,1 hr 39 min,NA
The Patriot,Sony Pictures Entertainment (SPE),2000,113330342,215294342,2 hr 45 min,R
Bad Moms,STX Entertainment,2016,113257297,183936074,1 hr 40 min,R
The Bourne Legacy,Universal Pictures,2012,113203870,276144750,2 hr 15 min,PG-13
The Pacifier,Walt Disney Studios Motion Pictures,2005,113086868,198636868,1 hr 35 min,PG
Dr. Dolittle 2,Twentieth Century Fox,2001,112952899,176104344,1 hr 27 min,PG
It's Complicated,Universal Pictures,2009,112735375,219103655,2 hr 1 min,R
Spy Kids,Miramax,2001,112719001,147934180,1 hr 28 min,PG
Face/Off,Paramount Pictures,1997,112276146,245676146,2 hr 18 min,R
The Hangover Part III,Warner Bros.,2013,112200072,362000072,1 hr 40 min,R
Twins,Universal Pictures,1988,111938388,216614388,1 hr 47 min,NA
Spy Kids 3-D: Game Over,Dimension Films,2003,111761982,197101678,1 hr 24 min,PG
Enemy of the State,Walt Disney Studios Motion Pictures,1998,111549836,250849789,2 hr 12 min,R
Mr. Peabody & Sherman,Twentieth Century Fox,2014,111506430,275698039,1 hr 32 min,PG
The Last Samurai,Warner Bros.,2003,111127263,454627263,2 hr 34 min,R
Glass,Universal Pictures,2019,111048468,246999039,2 hr 9 min,PG-13
Spy,Twentieth Century Fox,2015,110825712,235666219,2 hr,R
Sing 2,Universal Pictures,2021,110540715,192669715,1 hr 50 min,NA
Tropic Thunder,DreamWorks,2008,110515313,195702963,1 hr 47 min,R
Godzilla: King of the Monsters,Warner Bros.,2019,110500138,386600138,2 hr 12 min,PG-13
Valentine's Day,Warner Bros.,2010,110485654,216485654,2 hr 5 min,PG-13
The Grudge,Sony Pictures Entertainment (SPE),2004,110359362,187281115,1 hr 31 min,PG-13
Fun with Dick and Jane,Sony Pictures Entertainment (SPE),2005,110332737,204681899,1 hr 30 min,PG-13
Freaky Friday,Walt Disney Studios Motion Pictures,2003,110230332,160846332,1 hr 37 min,PG
Trainwreck,Universal Pictures,2015,110212700,140795793,2 hr 5 min,R
Bedtime Stories,Walt Disney Studios Motion Pictures,2008,110101975,212874864,1 hr 39 min,PG
Scary Movie 3,Dimension Films,2003,110003217,220673217,1 hr 24 min,PG-13
Creed,Warner Bros.,2015,109767581,173567581,2 hr 13 min,PG-13
Star Trek IV: The Voyage Home,Paramount Pictures,1986,109713132,109713132,1 hr 59 min,NA
The 40-Year-Old Virgin,Universal Pictures,2005,109449237,177378645,1 hr 56 min,R
Couples Retreat,Universal Pictures,2009,109204945,171844840,1 hr 53 min,PG-13
A Time to Kill,Warner Bros.,1996,108766007,152266007,2 hr 29 min,NA
Black Hawk Down,Revolution Studios,2001,108638745,172989651,2 hr 24 min,R
Terms of Endearment,Paramount Pictures,1983,108423489,108423749,2 hr 12 min,NA
Ace Ventura: When Nature Calls,Warner Bros.,1995,108385533,212385533,1 hr 30 min,NA
The Upside,STX Entertainment,2017,108252517,125856180,2 hr 6 min,PG-13
The Princess Diaries,Walt Disney Studios Motion Pictures,2001,108248956,165335153,1 hr 55 min,G
Superman II,Warner Bros.,1980,108185706,108185706,2 hr 7 min,PG
Little Women,Sony Pictures Entertainment (SPE),2019,108101214,216601214,2 hr 15 min,PG
Hop,Universal Pictures,2011,108085305,183954145,1 hr 35 min,PG
Pulp Fiction,Miramax,1994,107928762,213928762,2 hr 34 min,R
Paranormal Activity,Paramount Pictures,2007,107918810,193355800,1 hr 26 min,R
Baby Driver,TriStar Pictures,2017,107825862,226945087,1 hr 53 min,R
A League of Their Own,Sony Pictures Entertainment (SPE),1992,107533928,132440069,2 hr 8 min,PG
Epic,Twentieth Century Fox,2013,107518682,268426634,1 hr 42 min,PG
Watchmen,Warner Bros.,2009,107509799,185382813,2 hr 42 min,R
The Angry Birds Movie,Sony Pictures Entertainment (SPE),2016,107509366,352333929,1 hr 37 min,PG
Batman & Robin,Warner Bros.,1997,107353792,238235719,2 hr 5 min,PG-13
Dune,Warner Bros.,2021,107344390,397044390,2 hr 35 min,NA
Captain Phillips,Sony Pictures Entertainment (SPE),2013,107100855,218791811,2 hr 14 min,PG-13
Black Swan,Fox Searchlight Pictures,2010,106954678,329398046,1 hr 48 min,R
Analyze This,Warner Bros.,1999,106885658,176885658,1 hr 43 min,R
Chicken Run,DreamWorks Distribution,2000,106834564,224834564,1 hr 24 min,NA
Miss Congeniality,Warner Bros.,2000,106807667,212742720,1 hr 49 min,PG-13
Indecent Proposal,Paramount Pictures,1993,106614059,266614059,1 hr 57 min,NA
300: Rise of an Empire,Warner Bros.,2014,106580051,337580051,1 hr 42 min,R
GoldenEye,Metro-Goldwyn-Mayer (MGM),1995,106429941,352194034,2 hr 10 min,NA
The Italian Job,Paramount Pictures,2003,106128601,176070171,1 hr 51 min,PG-13
How to Lose a Guy in 10 Days,Paramount Pictures,2003,105813373,177502387,1 hr 56 min,NA
The Lego Movie 2: The Second Part,Warner Bros.,2019,105806508,192306508,1 hr 47 min,PG
The First Wives Club,Paramount Pictures,1996,105489203,181489203,1 hr 43 min,NA
Robin Hood,Universal Pictures,2010,105269730,321669741,2 hr 20 min,PG-13
Interview with the Vampire: The Vampire Chronicles,Warner Bros.,1994,105264608,223664608,2 hr 3 min,R
George of the Jungle,Walt Disney Studios Motion Pictures,1997,105263257,174463257,1 hr 32 min,PG
Hustlers,STX Entertainment,2019,104963598,157563598,1 hr 50 min,R
Pitch Perfect 3,Universal Pictures,2017,104897530,185400345,1 hr 33 min,PG-13
Phenomenon,Walt Disney Studios Motion Pictures,1996,104636382,152036382,2 hr 3 min,NA
American Wedding,Universal Pictures,2003,104565114,232722935,1 hr 36 min,R
Road to Perdition,DreamWorks Distribution,2002,104454762,181001478,1 hr 57 min,R
The Princess and the Frog,Walt Disney Studios Motion Pictures,2009,104400899,267045765,1 hr 37 min,NA
The Chronicles of Narnia: The Voyage of the Dawn Treader,Twentieth Century Fox,2010,104386950,415686217,1 hr 53 min,PG
Daddy Day Care,Revolution Studios,2003,104297061,164433867,1 hr 32 min,PG
Daddy's Home 2,Paramount Pictures,2017,104029443,180613824,1 hr 40 min,PG-13
Paranormal Activity 3,Paramount Pictures,2011,104028807,207039844,1 hr 23 min,R
Journey 2: The Mysterious Island,Warner Bros.,2012,103860290,335260290,1 hr 34 min,PG
The Mule,Warner Bros.,2018,103804407,174804407,1 hr 56 min,R
Dick Tracy,Walt Disney Studios Motion Pictures,1990,103738726,162738726,1 hr 45 min,NA
Rise of the Guardians,DreamWorks,2012,103412758,306941670,1 hr 37 min,PG
Dreamgirls,DreamWorks,2006,103365956,155430335,2 hr 10 min,NA
Independence Day: Resurgence,Twentieth Century Fox,2016,103144286,389681935,2 hr,PG-13
The Expendables,Lionsgate,2010,103068524,274470394,1 hr 43 min,R
Scream,Dimension Films,1996,103046663,173046663,1 hr 51 min,R
Just Go with It,Sony Pictures Entertainment (SPE),2011,103028109,214945591,1 hr 57 min,PG-13
Murder on the Orient Express,Twentieth Century Fox,2017,102826543,352794081,1 hr 54 min,PG-13
The General's Daughter,Paramount Pictures,1999,102705852,149705852,1 hr 56 min,R
The Aviator,Miramax,2004,102610330,213719942,2 hr 50 min,PG-13
American Pie,Universal Pictures,1999,102561004,235483004,1 hr 35 min,R
Daredevil,Twentieth Century Fox,2003,102543518,179179718,1 hr 43 min,PG-13
The Girl with the Dragon Tattoo,Sony Pictures Entertainment (SPE),2011,102515793,232617430,2 hr 38 min,R
The Mummy: Tomb of the Dragon Emperor,Universal Pictures,2008,102491776,403449830,1 hr 52 min,PG-13
The Conjuring 2,Warner Bros.,2016,102470008,321788219,2 hr 14 min,R
The Maze Runner,Twentieth Century Fox,2014,102427862,348319861,1 hr 53 min,PG-13
In the Line of Fire,Columbia Pictures,1993,102314823,176997168,2 hr 8 min,R
Annabelle: Creation,Warner Bros.,2017,102092201,306515884,1 hr 49 min,R
The Equalizer 2,Sony Pictures Entertainment (SPE),2018,102084362,190400157,2 hr 1 min,R
Bad Grandpa,Paramount Pictures,2013,102003019,151826547,1 hr 32 min,R
Pacific Rim,Warner Bros.,2013,101802906,411002906,2 hr 11 min,PG-13
Journey to the Center of the Earth,Warner Bros.,2008,101704370,244232688,1 hr 33 min,PG
Gone in 60 Seconds,Walt Disney Studios Motion Pictures,2000,101648571,237202299,1 hr 58 min,PG-13
Maverick,Warner Bros.,1994,101631272,183031272,2 hr 7 min,NA
Sleeping with the Enemy,Twentieth Century Fox,1991,101599005,174999005,1 hr 39 min,R
The Equalizer,Sony Pictures Entertainment (SPE),2014,101530738,192330738,2 hr 12 min,R
This Is the End,Sony Pictures Entertainment (SPE),2013,101470202,126041322,1 hr 47 min,R
Eagle Eye,DreamWorks,2008,101440743,178767383,1 hr 58 min,PG-13
The Prince of Egypt,DreamWorks Distribution,1998,101413188,218613188,1 hr 39 min,PG
Scream 2,Dimension Films,1997,101363301,172363301,2 hr,R
Eraser,Warner Bros.,1996,101295562,242295562,1 hr 55 min,R
Noah,Paramount Pictures,2014,101200044,359200044,2 hr 18 min,PG-13
Unforgiven,Warner Bros.,1992,101157447,159157447,2 hr 10 min,NA
The Cat in the Hat,Universal Pictures,2003,101149285,133960541,1 hr 22 min,PG
Con Air,Walt Disney Studios Motion Pictures,1997,101117573,224012234,1 hr 55 min,R
Sleepy Hollow,Paramount Pictures,1999,101071502,206071502,1 hr 45 min,R
Rampage,Warner Bros.,2018,101028233,428028233,1 hr 47 min,PG-13
Collateral,DreamWorks Distribution,2004,101005703,220239925,2 hr,R
Contact,Warner Bros.,1997,100920329,171120329,2 hr 30 min,PG
Charlie's Angels: Full Throttle,Sony Pictures Entertainment (SPE),2003,100830111,259175788,1 hr 46 min,PG-13
The Pelican Brief,Warner Bros.,1993,100768056,195268056,2 hr 21 min,NA
The Addams Family,United Artists Releasing,2019,100723831,203783845,1 hr 26 min,PG
Vanilla Sky,Paramount Pictures,2001,100618344,203388341,2 hr 16 min,R
Godzilla vs. Kong,Warner Bros.,2021,100563133,467863133,1 hr 53 min,NA
Arrival,Paramount Pictures,2016,100546139,203388186,1 hr 56 min,PG-13
Due Date,Warner Bros.,2010,100539043,211780824,1 hr 35 min,R
Jumanji,Sony Pictures Entertainment (SPE),1995,100499940,262821940,1 hr 44 min,PG
The Rugrats Movie,Paramount Pictures,1998,100494675,140894675,1 hr 19 min,NA
Million Dollar Baby,Warner Bros.,2004,100492203,216763646,2 hr 12 min,PG-13
A Wrinkle in Time,Walt Disney Studios Motion Pictures,2018,100478608,132675864,1 hr 49 min,NA
Step Brothers,Sony Pictures Entertainment (SPE),2008,100468793,128108211,1 hr 38 min,R
Evan Almighty,Universal Pictures,2007,100462298,174440724,1 hr 36 min,PG
Fifty Shades Freed,Universal Pictures,2018,100407760,371987838,1 hr 45 min,R
Casper,Universal Pictures,1995,100328194,287928194,1 hr 40 min,NA
Shakespeare in Love,Miramax,1998,100317794,289317794,2 hr 3 min,R
Bad Teacher,Sony Pictures Entertainment (SPE),2011,100292856,216197492,1 hr 32 min,R
Yogi Bear,Warner Bros.,2010,100246011,203509374,1 hr 21 min,PG
Cowboys & Aliens,Universal Pictures,2011,100240551,174822325,1 hr 59 min,PG-13
Kingsman: The Golden Circle,Twentieth Century Fox,2017,100234838,410902662,2 hr 21 min,R
Edge of Tomorrow,Warner Bros.,2014,100206256,370541256,1 hr 53 min,PG-13
The Hunchback of Notre Dame,Walt Disney Studios Motion Pictures,1996,100138851,325338851,1 hr 31 min,NA
Se7en,New Line Cinema,1995,100125643,327333559,2 hr 7 min,R
You Don't Mess with the Zohan,Sony Pictures Entertainment (SPE),2008,100018837,204313400,1 hr 53 min,PG-13
Passengers,Sony Pictures Entertainment (SPE),2016,100014699,303144152,1 hr 56 min,PG-13
Die Hard with a Vengeance,Twentieth Century Fox,1995,100012499,366101666,2 hr 8 min,R
Christopher Robin,Walt Disney Studios Motion Pictures,2018,99215042,197744377,1 hr 44 min,PG
Hercules,Walt Disney Studios Motion Pictures,1997,99112101,252712101,1 hr 33 min,NA
Olympus Has Fallen,FilmDistrict,2013,98925640,170270201,1 hr 59 min,R
The Green Hornet,Sony Pictures Entertainment (SPE),2011,98780042,227817248,1 hr 59 min,PG-13
Date Night,Twentieth Century Fox,2010,98711404,152263880,1 hr 28 min,PG-13
Meet the Robinsons,Walt Disney Studios Motion Pictures,2007,97822171,169333034,1 hr 35 min,NA
Yes Man,Warner Bros.,2008,97690976,223241637,1 hr 44 min,PG-13
Sausage Party,Sony Pictures Entertainment (SPE),2016,97685686,140705322,1 hr 29 min,R
Inspector Gadget,Walt Disney Studios Motion Pictures,1999,97403112,134403112,1 hr 18 min,PG
Public Enemies,Universal Pictures,2009,97104620,214104620,2 hr 20 min,R
The Social Network,Sony Pictures Entertainment (SPE),2010,96962694,224920375,2 hr,PG-13
Schindler's List,Universal Pictures,1993,96898818,322161245,3 hr 15 min,R
Downton Abbey,Focus Features,2019,96854135,237860050,2 hr 2 min,PG
The Others,Miramax,2001,96522687,209947037,1 hr 41 min,PG-13
Legally Blonde,Metro-Goldwyn-Mayer (MGM),2001,96520674,141774679,1 hr 36 min,NA
Panic Room,Sony Pictures Entertainment (SPE),2002,96397334,197079546,1 hr 52 min,R
Rocketman,Paramount Pictures,2019,96368160,195320400,2 hr 1 min,R
Zero Dark Thirty,Sony Pictures Entertainment (SPE),2012,95720716,132820716,2 hr 37 min,R
Norbit,DreamWorks,2007,95673607,159814490,1 hr 43 min,PG-13
Cold Mountain,Miramax,2003,95636509,173013509,2 hr 34 min,R
Sex and the City 2,Warner Bros.,2010,95347692,290745055,2 hr 26 min,R
Michael,New Line Cinema,1996,95318203,119718203,1 hr 45 min,NA
The Princess Diaries 2: Royal Engagement,Walt Disney Studios Motion Pictures,2004,95170481,134734481,1 hr 53 min,NA
42,Warner Bros.,2013,95020213,97470701,2 hr 8 min,PG-13
Unbreakable,Walt Disney Studios Motion Pictures,2000,95011339,248118121,1 hr 46 min,PG-13
The Book of Eli,Warner Bros.,2010,94835059,157107755,1 hr 58 min,R
"10,000 BC",Warner Bros.,2008,94784201,269784201,1 hr 49 min,PG-13
Beverly Hills Chihuahua,Walt Disney Studios Motion Pictures,2008,94514402,149292488,1 hr 31 min,NA
Saturday Night Fever,Paramount Pictures,1977,94213184,237113184,1 hr 58 min,NA
Julie & Julia,Sony Pictures Entertainment (SPE),2009,94125426,129540522,2 hr 3 min,PG-13
The Mask of Zorro,Sony Pictures Entertainment (SPE),1998,94095523,250288523,2 hr 16 min,PG-13
Maid in Manhattan,Revolution Studios,2002,94011225,154906693,1 hr 45 min,PG-13
He's Just Not That Into You,Warner Bros.,2009,93953653,178866158,2 hr 9 min,NA
Master and Commander: The Far Side of the World,Twentieth Century Fox,2003,93927920,211622535,2 hr 18 min,PG-13
Flight,Paramount Pictures,2012,93772375,161772375,2 hr 18 min,R
The Fighter,Paramount Pictures,2010,93617009,129190869,1 hr 56 min,R
America's Sweethearts,Revolution Studios,2001,93607673,138307673,1 hr 42 min,PG-13
Lady and the Tramp,Walt Disney Studios Motion Pictures,1955,93602326,93933394,1 hr 16 min,NA
The Bucket List,Warner Bros.,2007,93466502,175372502,1 hr 37 min,PG-13
Tomorrowland,Walt Disney Studios Motion Pictures,2015,93436322,209035668,2 hr 10 min,PG
The Magnificent Seven,Sony Pictures Entertainment (SPE),2016,93432655,162360636,2 hr 12 min,PG-13
Cats & Dogs,Warner Bros.,2001,93385515,200687492,1 hr 27 min,PG
Two Weeks Notice,Warner Bros.,2002,93354851,199043471,1 hr 41 min,PG-13
Red Dragon,Universal Pictures,2002,93149898,209196298,2 hr 4 min,R
Elysium,TriStar Pictures,2013,93050117,286140700,1 hr 49 min,R
Flubber,Walt Disney Studios Motion Pictures,1997,92977226,177977226,1 hr 33 min,NA
Encanto,Walt Disney Studios Motion Pictures,2021,92661715,216222015,1 hr 42 min,NA
The Town,Warner Bros.,2010,92186262,154026136,2 hr 5 min,R
Non-Stop,Universal Pictures,2014,92168600,222809600,1 hr 46 min,PG-13
The Client,Warner Bros.,1994,92115211,117615211,1 hr 59 min,NA
Blade Runner 2049,Warner Bros.,2017,92054159,259334548,2 hr 44 min,R
John Wick: Chapter 2,Lionsgate,2017,92029184,171547802,2 hr 2 min,NA
Star Trek: First Contact,Paramount Pictures,1996,92027888,146027888,1 hr 51 min,NA
Halloween Kills,Universal Pictures,2021,92002155,131647155,1 hr 45 min,R
Think Like a Man,Screen Gems,2012,91547205,96070507,2 hr 3 min,PG-13
Kindergarten Cop,Universal Pictures,1990,91457688,201957688,1 hr 51 min,NA
Heaven Is for Real,TriStar Pictures,2014,91443253,101982712,1 hr 39 min,PG
The Haunting,DreamWorks Distribution,1999,91411151,177311151,1 hr 53 min,PG-13
Crimson Tide,Walt Disney Studios Motion Pictures,1995,91387195,157387195,1 hr 56 min,NA
Ride Along 2,Universal Pictures,2016,91221830,124608438,1 hr 42 min,PG-13
Stepmom,Sony Pictures Entertainment (SPE),1998,91137662,159710793,2 hr 5 min,PG-13
The Imitation Game,The Weinstein Company,2014,91125683,233555708,1 hr 54 min,NA
Save the Last Dance,Paramount Pictures,2001,91057006,131706809,1 hr 52 min,NA
The Scorpion King,Universal Pictures,2002,91047077,180630907,1 hr 32 min,PG-13
Prince of Persia: The Sands of Time,Walt Disney Studios Motion Pictures,2010,90759676,336365676,1 hr 56 min,PG-13
Antz,DreamWorks Distribution,1998,90757863,171757863,1 hr 23 min,PG
Scary Movie 4,Dimension Films,2006,90710620,178262620,1 hr 23 min,PG-13
The Game Plan,Walt Disney Studios Motion Pictures,2007,90648202,147880543,1 hr 50 min,NA
"Me, Myself & Irene",Twentieth Century Fox,2000,90570999,149270999,1 hr 56 min,R
High School Musical 3: Senior Year,Walt Disney Studios Motion Pictures,2008,90559416,252909177,1 hr 52 min,G
Madea Goes to Jail,Lionsgate,2009,90508336,90508336,1 hr 43 min,NA
Space Cowboys,Warner Bros.,2000,90464773,128884132,2 hr 10 min,PG-13
Space Jam,Warner Bros.,1996,90418342,230418342,1 hr 28 min,NA
Get Hard,Warner Bros.,2015,90411453,111711453,1 hr 40 min,R
RED,Summit Entertainment,2010,90380162,199006387,1 hr 51 min,PG-13
Planes,Walt Disney Studios Motion Pictures,2013,90288712,239258712,1 hr 31 min,PG
"Legally Blonde 2: Red, White & Blonde",Metro-Goldwyn-Mayer (MGM),2003,90186328,124914842,1 hr 35 min,PG-13
Mystic River,Warner Bros.,2003,90135191,156595191,2 hr 18 min,R
Terminator Genisys,Paramount Pictures,2015,89760956,440603537,2 hr 6 min,PG-13
Flightplan,Walt Disney Studios Motion Pictures,2005,89707299,223387299,1 hr 38 min,NA
The Emperor's New Groove,Walt Disney Studios Motion Pictures,2000,89636687,169661687,1 hr 18 min,NA
The Lone Ranger,Walt Disney Studios Motion Pictures,2013,89302115,260502115,2 hr 30 min,PG-13
Taken 3,Twentieth Century Fox,2014,89256424,326479141,1 hr 48 min,PG-13
Don't Breathe,Screen Gems,2016,89217875,157761002,1 hr 28 min,R
Scream 3,Dimension Films,2000,89143175,161834276,1 hr 56 min,R
Oblivion,Universal Pictures,2013,89107235,286168572,2 hr 4 min,PG-13
The Ugly Truth,Sony Pictures Entertainment (SPE),2009,88915214,321682600,1 hr 36 min,R
Percy Jackson & the Olympians: The Lightning Thief,Twentieth Century Fox,2010,88768303,226497209,1 hr 58 min,PG
Failure to Launch,Paramount Pictures,2006,88715192,130224158,1 hr 37 min,PG-13
The Muppets,Walt Disney Studios Motion Pictures,2011,88631237,165184237,2 hr,PG
Inside Man,Universal Pictures,2006,88513495,186003591,2 hr 9 min,R
Back to the Future Part III,Universal Pictures,1990,88277583,245077583,1 hr 58 min,NA
Waterworld,Universal Pictures,1995,88246220,264218220,2 hr 15 min,PG-13
Starsky & Hutch,Warner Bros.,2004,88237754,170268750,1 hr 41 min,PG-13
Along Came Polly,Universal Pictures,2004,88097164,178311729,1 hr 30 min,PG-13
The Hand that Rocks the Cradle,Walt Disney Studios Motion Pictures,1992,88036683,88036683,1 hr 50 min,NA
Entrapment,Twentieth Century Fox,1999,87704396,212404396,1 hr 53 min,PG-13
Peter Pan,Walt Disney Studios Motion Pictures,1953,87404651,87404651,1 hr 17 min,NA
Pineapple Express,Sony Pictures Entertainment (SPE),2008,87341380,101624843,1 hr 51 min,R
Miss Peregrine's Home for Peculiar Children,Twentieth Century Fox,2016,87242834,296482446,2 hr 7 min,PG-13
Sisters,Universal Pictures,2015,87044645,105011053,1 hr 58 min,R
Saw II,Lionsgate,2005,87039965,147748505,1 hr 33 min,R
The Naked Gun 2½: The Smell of Fear,Paramount Pictures,1991,86930411,86930411,1 hr 25 min,NA
The Campaign,Warner Bros.,2012,86907746,104907746,1 hr 25 min,NA
The Accountant,Warner Bros.,2016,86260045,155160045,2 hr 8 min,R
Dumb and Dumber To,Universal Pictures,2014,86208010,169837010,1 hr 49 min,PG-13
Cruella,Walt Disney Studios Motion Pictures,2021,86103234,233274812,2 hr 14 min,NA
The Emoji Movie,Sony Pictures Entertainment (SPE),2017,86089513,217776646,1 hr 26 min,PG
Mean Girls,Paramount Pictures,2004,86058055,130126277,1 hr 37 min,PG-13
Annie,Sony Pictures Entertainment (SPE),2014,85911262,136853506,1 hr 58 min,PG
Alvin and the Chipmunks: The Road Chip,Twentieth Century Fox,2015,85886987,234798636,1 hr 32 min,NA
Spy Kids 2: Island of Lost Dreams,Dimension Films,2002,85846429,119723358,1 hr 40 min,PG
Alita: Battle Angel,Twentieth Century Fox,2019,85838210,404980543,2 hr 2 min,PG-13
Fury,Sony Pictures Entertainment (SPE),2014,85817906,211822697,2 hr 14 min,R
Pokémon: The First Movie - Mewtwo Strikes Back,Warner Bros.,1998,85744662,163644662,1 hr 36 min,NA
Real Steel,Walt Disney Studios Motion Pictures,2011,85468508,299268508,2 hr 7 min,NA
The SpongeBob SquarePants Movie,Paramount Pictures,2004,85417988,141067127,1 hr 27 min,PG
Power Rangers,Lionsgate,2017,85364450,142337240,2 hr 4 min,PG-13
Stripes,Columbia Pictures,1981,85297000,85297000,1 hr 46 min,NA
Anchorman: The Legend of Ron Burgundy,DreamWorks Distribution,2004,85288303,90709367,1 hr 34 min,PG-13
Aliens,Twentieth Century Fox,1986,85160248,131060248,2 hr 17 min,NA
Open Season,Sony Pictures Entertainment (SPE),2006,85105259,200811689,1 hr 26 min,PG
Green Book,Universal Pictures,2018,85080171,321752656,2 hr 10 min,PG-13
The Expendables 2,Lionsgate,2012,85028192,314975955,1 hr 43 min,R
Dangerous Minds,Walt Disney Studios Motion Pictures,1995,84919401,179519401,1 hr 39 min,NA
Paranormal Activity 2,Paramount Pictures,2010,84752907,177512032,1 hr 31 min,R
Tammy,Warner Bros.,2014,84525432,100375432,1 hr 37 min,R
The Santa Clause 3: The Escape Clause,Walt Disney Studios Motion Pictures,2006,84500122,110768122,1 hr 37 min,NA
Ferdinand,Twentieth Century Fox,2017,84410380,296069199,1 hr 48 min,PG
"Crazy, Stupid, Love.",Warner Bros.,2011,84351197,145051197,1 hr 58 min,PG-13
Annabelle,Warner Bros.,2014,84273813,257579282,1 hr 39 min,R
Scooby-Doo 2: Monsters Unleashed,Warner Bros.,2004,84216833,181216833,1 hr 33 min,NA
Birds of Prey,Warner Bros.,2020,84158461,201858461,1 hr 49 min,R
Atlantis: The Lost Empire,Walt Disney Studios Motion Pictures,2001,84056472,186053725,1 hr 35 min,PG
Cliffhanger,TriStar Pictures,1993,84049211,255000211,1 hr 53 min,R
The Other Woman,Twentieth Century Fox,2014,83911193,196710396,1 hr 49 min,PG-13
The X Files,Twentieth Century Fox,1998,83898313,189176423,2 hr 1 min,NA
Penguins of Madagascar,Twentieth Century Fox,2014,83850911,373515621,1 hr 32 min,PG
Die Hard,Twentieth Century Fox,1988,83844093,141603197,2 hr 12 min,NA
Up in the Air,Paramount Pictures,2009,83823381,166842739,1 hr 49 min,R
Wrath of the Titans,Warner Bros.,2012,83670083,301970083,1 hr 39 min,PG-13
Insidious: Chapter 2,FilmDistrict,2013,83586447,161919318,1 hr 46 min,PG-13
Under Siege,Warner Bros.,1992,83563139,156563139,1 hr 43 min,NA
Battle Los Angeles,Sony Pictures Entertainment (SPE),2011,83552429,211819354,1 hr 56 min,PG-13
Immortals,Relativity Media,2011,83504017,226904017,1 hr 50 min,R
I Can Only Imagine,Roadside Attractions,2018,83482352,86086881,1 hr 50 min,PG
Apocalypse Now,Metro-Goldwyn-Mayer (MGM),1979,83471511,92158064,2 hr 27 min,NA
Patriot Games,Paramount Pictures,1992,83351587,178051587,1 hr 57 min,R
Saving Mr. Banks,Walt Disney Studios Motion Pictures,2013,83301580,117867984,2 hr 5 min,PG-13
Smallfoot,Warner Bros.,2018,83240103,214040103,1 hr 36 min,NA
Good Boys,Universal Pictures,2019,83140306,111037232,1 hr 30 min,R
Valkyrie,United Artists,2008,83077833,201545517,2 hr 1 min,PG-13
Brokeback Mountain,Focus Features,2005,83043761,178062759,2 hr 14 min,R
Turbo,Twentieth Century Fox,2013,83028128,282570682,1 hr 36 min,PG
Disclosure,Warner Bros.,1994,83015089,214015089,2 hr 8 min,R
Charlotte's Web,Paramount Pictures,2006,82985708,148963822,1 hr 37 min,G
Monster-in-Law,New Line Cinema,2005,82931301,155457327,1 hr 41 min,PG-13
Are We There Yet?,Revolution Studios,2005,82674398,97918663,1 hr 35 min,PG
Freddy vs. Jason,New Line Cinema,2003,82622655,116632628,1 hr 37 min,R
Star Trek: The Motion Picture,Paramount Pictures,1979,82604699,82604699,2 hr 12 min,G
The Descendants,Fox Searchlight Pictures,2011,82584160,177243185,1 hr 55 min,NA
Cheaper by the Dozen 2,Twentieth Century Fox,2005,82571173,130154568,1 hr 34 min,NA
Mr. Holland's Opus,Walt Disney Studios Motion Pictures,1995,82569971,106269971,2 hr 23 min,NA
Bram Stoker's Dracula,Columbia Pictures,1992,82522790,215862692,2 hr 8 min,R
Let's Be Cops,Twentieth Century Fox,2014,82390774,138224951,1 hr 44 min,R
Blade II,New Line Cinema,2002,82348319,155010032,1 hr 57 min,R
Beowulf,Paramount Pictures,2007,82280579,196393745,1 hr 55 min,PG-13
Bridge to Terabithia,Walt Disney Studios Motion Pictures,2007,82272442,137587063,1 hr 36 min,NA
The Pink Panther,Sony Pictures Entertainment (SPE),2006,82226474,164115897,1 hr 33 min,PG
Teenage Mutant Ninja Turtles: Out of the Shadows,Paramount Pictures,2016,82051601,245623848,1 hr 52 min,PG-13
The Post,Twentieth Century Fox,2017,81903458,180419276,1 hr 56 min,PG-13
Alien,Twentieth Century Fox,1979,81900459,106285522,1 hr 57 min,R
Maze Runner: The Scorch Trials,Twentieth Century Fox,2015,81697192,312296056,2 hr 11 min,PG-13
Eight Below,Walt Disney Studios Motion Pictures,2006,81612565,120455994,2 hr,PG
MASH,Twentieth Century Fox,1970,81600000,81600000,1 hr 56 min,NA
Unstoppable,Twentieth Century Fox,2010,81562942,167805466,1 hr 38 min,PG-13
Payback,Paramount Pictures,1999,81526121,161626121,1 hr 40 min,R
Ted 2,Universal Pictures,2015,81476385,215863606,1 hr 55 min,R
The Talented Mr. Ripley,Paramount Pictures,1999,81298265,128799509,2 hr 19 min,R
School of Rock,Paramount Pictures,2003,81261177,131095990,1 hr 49 min,PG-13
Snow Dogs,Walt Disney Studios Motion Pictures,2002,81172560,115035090,1 hr 39 min,PG
21,Sony Pictures Entertainment (SPE),2008,81159365,159808370,2 hr 3 min,PG-13
While You Were Sleeping,Walt Disney Studios Motion Pictures,1995,81057016,182057016,1 hr 43 min,PG
Congo,Paramount Pictures,1995,81022101,152022101,1 hr 49 min,NA
The Notebook,New Line Cinema,2004,81001787,117815157,2 hr 3 min,PG-13
Jimmy Neutron: Boy Genius,Paramount Pictures,2001,80936232,102992536,1 hr 22 min,NA
Eat Pray Love,Sony Pictures Entertainment (SPE),2010,80574010,204594016,2 hr 13 min,PG-13
The Texas Chainsaw Massacre,New Line Cinema,2003,80571655,107363905,1 hr 38 min,R
Zookeeper,Sony Pictures Entertainment (SPE),2011,80360843,169852759,1 hr 42 min,PG
